ensembl_id,baseMean,log2FoldChange,lfcSE,pvalue,padj,SYMBOL
ENSG00000003096,20018.40136218847,2.6531243398105047,0.076852308178609,7.141781808633904e-263,1.0917300287380846e-259,KLHL13
ENSG00000003137,25571.661875545255,1.9932191769062224,0.08331214844962598,1.0207301032355377e-127,4.078164738597531e-125,CYP26B1
ENSG00000003436,18459.694194211734,2.595289554764195,0.08175361679851739,1.5179427756079278e-222,1.569686766105857e-219,TFPI
ENSG00000007908,57.425092488586195,9.760320605752378,3.2374642029555725,2.5071665512657753e-7,1.8751216502010933e-6,SELE
ENSG00000008086,14624.647032514844,1.8330029992269459,0.0948481090586785,1.8764565117182803e-84,3.644990856105139e-82,CDKL5
ENSG00000008311,493.3150873385701,1.533042451891454,0.5523690034921142,2.658244437626614e-4,0.0012894759407079764,AASS
ENSG00000012822,34024.835102291676,1.8344092132193899,0.06088887067259058,1.4493481606385475e-200,1.1077746082584933e-197,CALCOCO1
ENSG00000014257,8249.045315142665,1.7520085576614046,0.12892183700933135,3.123627783679352e-43,2.076061044355054e-41,ACPP
ENSG00000023839,8191.438640484838,1.7746513469996785,0.1250173616500398,5.361989536534224e-47,4.045540560407871e-45,ABCC2
ENSG00000026950,1524.1657001068593,3.4963428554185407,0.47241520103837326,6.5880925555293735e-15,9.848246010198011e-14,BTN3A1
ENSG00000047617,478.7273733963379,2.647729476920689,0.5490168229424311,6.463009663814756e-8,5.184416079627265e-7,ANO2
ENSG00000048540,504.3573452002882,1.5039328478814489,0.5090180117674461,1.564345777703665e-4,7.884293749753892e-4,LMO3
ENSG00000049192,812.5220131989743,1.847969621406992,0.4125403348314736,4.028942466325153e-7,2.939480974756714e-6,ADAMTS6
ENSG00000050405,54825.08288810371,1.9730311045675708,0.060915941533587994,2.316902850374174e-231,2.5456246036345495e-228,LIMA1
ENSG00000058085,22291.862125049214,2.5815884360148043,0.07830616764957354,8.349136693771261e-240,1.0483832036296562e-236,LAMC2
ENSG00000064787,60143.21652166486,2.485169751707706,0.05652476102450846,0,0,BCAS1
ENSG00000064835,153.95887794891888,2.7118334514709663,2.3722383858976817,0.0024959184175803767,0.009919068118425281,POU1F1
ENSG00000065618,908.1349646956011,3.3020845358431306,0.4414419914206849,3.8094777667387995e-15,5.793141384116326e-14,COL17A1
ENSG00000069431,330.15609865590255,2.189719479392287,1.2777243655750476,0.0018184201403597955,0.007448891263533735,ABCC9
ENSG00000070190,841.8816397936969,1.9590407858544774,0.37425215000739354,8.829429960160742e-9,7.768616816048337e-8,DAPP1
ENSG00000070729,643.1634393081714,1.9199690136706087,0.5938954819019179,5.479930120168442e-5,2.982028526466526e-4,CNGB1
ENSG00000073464,6085.881679750013,1.525831282588809,0.13069074547064138,1.2634810935785652e-32,5.226203737544562e-31,CLCN4
ENSG00000073910,7721.46924305305,2.732374043214894,0.13795628151375938,1.583869666797389e-88,3.3345672823311016e-86,FRY
ENSG00000074527,8623.737814368862,1.6056592201383728,0.11484317334054374,1.445475713028098e-45,1.0287749108169009e-43,NTN4
ENSG00000074706,775.1906240946583,2.4650258600264614,0.47665662854207985,1.1822985373947194e-8,1.025621373704933e-7,IPCEF1
ENSG00000075213,3019.313737323658,1.9856650326131162,0.23252501034151687,8.347240007835939e-19,1.6627796681898228e-17,SEMA3A
ENSG00000076356,2988.273085469811,1.689097581069042,0.19169748478997187,8.284939843814266e-20,1.76861080733859e-18,PLXNA2
ENSG00000078018,48867.5147951252,2.851331205735533,0.06834416604857181,0,0,MAP2
ENSG00000078401,9703.558534807262,1.6078635379954402,0.12596330475124115,1.815792117216657e-38,9.836892919756617e-37,EDN1
ENSG00000079150,3880.589395102515,1.642028998624002,0.18918864005803399,2.6452953086584053e-19,5.438943728486601e-18,FKBP7
ENSG00000082074,173.99564438513548,2.1855383970447146,0.7438592700300363,1.2420422339758794e-4,6.356428859980074e-4,FYB
ENSG00000085465,2914.754700528085,1.9107107242568004,0.21566062967112654,4.5705533093644096e-20,9.937914892018756e-19,OVGP1
ENSG00000087128,7303.402757525484,3.6163345906020092,0.15641734099582214,1.6462310921552682e-119,5.6194018416589395e-117,TMPRSS11E
ENSG00000089127,3574.3200831017284,2.3422061900838393,0.20203001359319053,2.349380815649059e-32,9.505394717768155e-31,OAS1
ENSG00000089472,56.42435138739208,9.687831652452399,3.2708327425402457,5.158799781408184e-7,3.7137232087332176e-6,HEPH
ENSG00000091536,1178.4450869984694,1.557260212528125,0.30171158001625537,1.538870156582357e-8,1.3161064421133324e-7,MYO15A
ENSG00000091986,1945.6906308183313,1.7731844928130578,0.24193700659066542,1.457848832506731e-14,2.1330215190222288e-13,CCDC80
ENSG00000092969,7907.584591754387,2.4124498859242354,0.12469925063742597,1.3088309247294862e-84,2.5707925409253637e-82,TGFB2
ENSG00000094755,2187.2637430695954,1.5340364950247414,0.2117974354977841,3.0121679052489873e-14,4.2928581832447973e-13,GABRP
ENSG00000095585,9037.579826325018,2.6567902226241613,0.10092165874548935,5.8337090038027944e-154,3.204802732260976e-151,BLNK
ENSG00000096006,11668.35202242119,4.058533247794196,0.16639750596950717,9.610210080853064e-133,4.223567202908911e-130,CRISP3
ENSG00000099260,978.4765961622994,3.4215407053319393,0.400954502964718,7.095607305527488e-19,1.4215068789461023e-17,PALMD
ENSG00000101445,54.27303382191025,9.608387513055236,3.274870024732031,6.994875797090676e-7,4.958323349796594e-6,PPP1R16B
ENSG00000101871,6316.555242576639,2.4503954283626737,0.127133648543789,6.111642113740703e-84,1.1615093247405913e-81,MID1
ENSG00000102230,331.87335806417485,1.640909149430288,0.6934218082042634,6.917090247905509e-4,0.003083138641304637,PCYT1B
ENSG00000102547,29502.013101387347,1.7407646130498837,0.05953112232567779,4.7035538111470115e-189,3.3749438458391384e-186,CAB39L
ENSG00000103534,2118.5697904533627,1.7028058670922106,0.27532080921414415,3.859629842529966e-11,4.271347989723357e-10,TMC5
ENSG00000105971,120049.3615394671,1.519089261255614,0.03543404101316152,0,0,CAV2
ENSG00000105974,319549.48837389436,2.6120875868039266,0.03547651071234199,0,0,CAV1
ENSG00000106025,2162.6206609205515,1.6277903753138707,0.23276229093272147,1.7325632190671721e-13,2.317047935305542e-12,TSPAN12
ENSG00000106258,537.4851589379721,2.0122494942781635,0.49494298196444597,2.321982881211536e-6,1.5360036899438642e-5,CYP3A5
ENSG00000109182,33.50400043454666,8.36537822563024,3.540414588195564,7.226053937822836e-5,3.853493559834872e-4,CWH43
ENSG00000109339,3382.617641184491,1.8257425560521536,0.22730845988046453,5.775237212227488e-17,1.0132313629975362e-15,MAPK10
ENSG00000110448,235.66746194686203,2.0707080812939567,1.5017961931412782,0.002797042559208073,0.011003360948190436,CD5
ENSG00000110934,771.5764957878413,2.8386060068552204,0.412300542838946,3.1361527067669916e-13,4.122018430550305e-12,BIN2
ENSG00000110944,1534.6239068158807,2.3293330403875045,0.24010746872981362,1.8354869282106008e-23,4.8288062768715645e-22,IL23A
ENSG00000111087,673.6730370672074,1.6338875912931727,0.4272941883439157,7.296647197372721e-6,4.5086611390584795e-5,GLI1
ENSG00000111275,312.2274719113212,1.5805035867123483,0.8943683439238153,0.0022759046078477388,0.009114765930894025,ALDH2
ENSG00000111335,341.07712664654355,2.540035696126338,0.6937655209220596,1.0287832800910507e-5,6.229621327751055e-5,OAS2
ENSG00000111801,1552.4454368757654,4.397404469261308,0.4299594071367787,7.552504859189972e-26,2.265687016589251e-24,BTN3A3
ENSG00000111846,4244.173437152399,1.5213593926789208,0.15644185902560737,1.7394946743716974e-23,4.58462468187665e-22,GCNT2
ENSG00000113212,1679.2481390678934,1.5757361437286967,0.2570533378667905,5.735456638053905e-11,6.235402595464974e-10,PCDHB7
ENSG00000113448,2438.8896615411027,2.141178455184901,0.2692352731118472,1.071790029919842e-16,1.8453998855020433e-15,PDE4D
ENSG00000113578,212.41507935667536,1.9836610644504353,0.7810595108341575,3.9003877476506883e-4,0.0018328486075868825,FGF1
ENSG00000113924,981.3584212607597,2.303365073073356,0.32005854207281104,3.428586376506193e-14,4.854839646056433e-13,HGD
ENSG00000114547,292.3318068060576,1.9396852437733254,1.5581906476027163,0.0033297401804181976,0.012887531374209974,ROPN1B
ENSG00000114698,752.134193115423,1.9496673547360024,0.43906845164584474,4.6546757749019776e-7,3.370828950973813e-6,PLSCR4
ENSG00000115252,434.7940410295783,1.7019229328354215,0.6818389550298415,4.95416340091187e-4,0.0022810821243145684,PDE1A
ENSG00000115474,1274.4877105384487,4.144719938475564,0.28924396215374615,7.9121263316327e-48,6.113899993271958e-46,KCNJ13
ENSG00000116701,1069.1823052209518,2.3304852823711872,0.37521480556673853,2.746137510680214e-11,3.0670727045109794e-10,NCF2
ENSG00000116774,11648.786954939626,2.416467279206609,0.11732602462561573,1.913505949658242e-95,4.672010811391259e-93,OLFML3
ENSG00000117226,3988.014507239123,2.4272342657615793,0.213069022535599,2.6979437086510077e-31,1.0458324460028752e-29,GBP3
ENSG00000117228,747.0561787807503,2.0410285860950754,0.4441171544963792,2.3096971906807815e-7,1.7362977020984734e-6,GBP1
ENSG00000119917,1152.0386741356015,3.652542373347635,0.29238198524559406,4.364504533868398e-37,2.2336479607900875e-35,IFIT3
ENSG00000119922,641.4462980929779,1.9450915100521713,0.5433830958611784,1.5957756864657448e-5,9.397691358208407e-5,IFIT2
ENSG00000120217,247.63990099948236,2.4516979728827155,0.6735652063131368,1.1137784122656752e-5,6.711111430479671e-5,CD274
ENSG00000121236,8485.744640218314,3.301314895352443,0.11392982581971998,9.321080605148626e-186,6.302305249931164e-183,TRIM6
ENSG00000121858,4549.63615983093,1.5836551826815777,0.1553957628946683,1.5343914803612684e-25,4.55639105219779e-24,TNFSF10
ENSG00000122574,295.6575736325572,1.9571542380776596,0.6593330666698491,1.2180682246944457e-4,6.245597303781832e-4,WIPF3
ENSG00000122786,3271.755199606432,1.7774892688115647,0.20043593767118403,4.869865781266362e-20,1.0562591672026158e-18,CALD1
ENSG00000122852,99.60194999635986,10.856106982469676,3.1816868133228366,4.494240449648492e-10,4.521293475164434e-9,SFTPA1
ENSG00000123572,368.1063876926989,2.427464367591743,0.5864891894559664,1.5459394061835483e-6,1.0472771403084273e-5,NRK
ENSG00000124602,645.9552566382225,1.7238506383146606,0.49272974904643924,2.3210142563651757e-5,1.3358084832139992e-4,UNC5CL
ENSG00000126016,8595.454832796711,1.7829474322817451,0.11757869982435902,4.179583353380718e-53,3.7776342190620216e-51,AMOT
ENSG00000126970,1610.3956866334802,1.5355320016634404,0.3203138849029281,1.0116990584209738e-7,7.939805177460495e-7,ZC4H2
ENSG00000127241,45.94967823372774,9.171474914600633,3.372324813909595,6.154439244381005e-6,3.842044200873434e-5,MASP1
ENSG00000127249,973.7577235540251,3.4507269236612763,0.3607725913714612,5.851224466346998e-23,1.4875141071026328e-21,ATP13A4
ENSG00000127325,89.92835182193873,10.691314609917283,3.160375434872973,6.323867233332832e-10,6.23152601055911e-9,BEST3
ENSG00000128610,719.1386092793254,2.009833296132879,0.46498804522330467,7.711963598450458e-7,5.440307547309784e-6,FEZF1
ENSG00000128714,84.17233542771935,10.525023227645942,3.1989750179726353,4.573193398004732e-9,4.133390917235177e-8,HOXD13
ENSG00000130234,663.8726942587377,1.5198239777918385,0.38914846241895257,5.252214705000656e-6,3.31590261829984e-5,ACE2
ENSG00000130948,48.6912966857108,9.358660819146452,3.3095403729349364,2.1541594419702853e-6,1.4298299380825612e-5,HSD17B3
ENSG00000132357,1716.822515580134,2.630710153229353,0.2487594679508549,2.1834633063539542e-27,7.055917866553186e-26,CARD6
ENSG00000132718,48.49520944519819,9.349872790205593,3.3103921020096574,2.2257417025093328e-6,1.4751150333369581e-5,SYT11
ENSG00000133106,1313.699687998189,4.556146802436594,1.9959790656445513,3.4895935468639135e-4,0.0016541811987891106,EPSTI1
ENSG00000134258,2067.896849554161,3.055493808606595,0.2635875269372504,2.482439410565802e-32,1.0020675916886685e-30,VTCN1
ENSG00000134531,3760.5954262484165,3.059446831861076,0.1952777305425716,1.4679458098418723e-56,1.4830892737997238e-54,EMP1
ENSG00000134760,1195.9406634452735,2.0838703212893344,0.2911762467802119,4.759700368551728e-14,6.651283992762726e-13,DSG1
ENSG00000134765,2154.4344535254354,3.511245261884787,0.21091836210178305,1.707005474796423e-63,2.098482709383477e-61,DSC1
ENSG00000134871,1157.9272124916477,2.412949128649585,0.4777150121460681,2.1417946140173126e-8,1.8032413035017887e-7,COL4A2
ENSG00000135046,70712.43455204263,3.3516558334576523,0.0607434163199847,0,0,ANXA1
ENSG00000135218,2980.0037885440015,1.5771156492510088,0.17011565767817405,1.2902045243063546e-21,3.0795859382272316e-20,CD36
ENSG00000135373,2807.56188149998,2.1270842685148352,0.3449363010513769,4.0695273893033673e-11,4.495146512111753e-10,EHF
ENSG00000135374,10333.728950298131,1.6697184526894349,0.11703670016954401,2.504808085657904e-47,1.9103372556105478e-45,ELF5
ENSG00000135604,2472.992843728257,1.6533765051826186,0.2352658646803332,1.382475365842559e-13,1.8601780094779384e-12,STX11
ENSG00000135903,47.666111689590345,9.272213703874465,3.3456675544785615,3.851536266630584e-6,2.4769739088799107e-5,PAX3
ENSG00000135917,162.50075483960958,1.9377283311834703,0.8600260230094685,7.753311848638146e-4,0.0034271899834833865,SLC19A3
ENSG00000136155,1073.0488754505031,14.90618333506988,3.2899354252740496,1.3724011957805417e-28,4.702948698094353e-27,SCEL
ENSG00000136167,91157.26397877448,1.569655795439966,0.043726916686474014,6.669958288560348e-281,1.0659502884886059e-277,LCP1
ENSG00000136689,3100.3952358480506,1.6489619424945356,0.23222385954139568,7.585798147662718e-14,1.0442798632485257e-12,IL1RN
ENSG00000136695,1193.0893063385888,4.021556721811387,0.3423955180171615,3.112345809510632e-33,1.3312283006883735e-31,IL36RN
ENSG00000137090,164.84171235833765,11.81319897741091,3.147138401352539,4.237370325345365e-14,5.942628770196159e-13,DMRT1
ENSG00000137261,5312.00951894781,1.8322222264551007,0.14990418765202806,1.5834118372914372e-35,7.5537553307095845e-34,KIAA0319
ENSG00000137338,3111.7016673495473,1.67160673355622,0.17815038359781618,4.311083402717257e-22,1.0446132415998349e-20,PGBD1
ENSG00000137393,7359.442544744099,1.7734851351262817,0.11903458648678523,2.263303865176614e-51,1.955172004809449e-49,RNF144B
ENSG00000137699,4791.232174879546,1.6669005400156305,0.1353751982455287,5.8115823113580214e-36,2.8222295923347607e-34,TRIM29
ENSG00000137843,2453.9756967589674,1.6820739499788089,0.2030311137641924,7.789966494048289e-18,1.4560735351634438e-16,PAK6
ENSG00000138271,10855.508945510395,2.160979899383711,0.11560224271084144,3.609054921126043e-79,6.344538098593526e-77,GPR87
ENSG00000138449,271.7402510980329,2.58002632132061,0.6324607503384645,1.930180392963648e-6,1.2889499038216315e-5,SLC40A1
ENSG00000138640,2023.00754316619,2.0986130376584717,0.3071243666785372,4.740374049641368e-13,6.1477982741180695e-12,FAM13A
ENSG00000138769,281.79925463556475,1.8653786696780073,0.6827745082061126,2.4725516592188587e-4,0.0012063897278167617,CDKL2
ENSG00000138772,39163.41050549982,1.6536303628023983,0.07263140637757116,7.426104597399149e-116,2.4401346872893147e-113,ANXA3
ENSG00000139055,6131.610436411103,3.790735682456441,0.14975242893396165,1.2708323865467288e-142,6.120711764191293e-140,ERP27
ENSG00000139112,6088.546678831029,1.9890457302536002,0.15005359185454836,3.3223963371899044e-41,2.027988417001039e-39,GABARAPL1
ENSG00000139144,3231.832048773414,4.712690564742518,0.27090765282957063,4.803567258757938e-69,6.597211767604311e-67,PIK3C2G
ENSG00000139547,1806.742789138788,2.042730106839415,0.2734739359539729,4.7133146310738724e-15,7.118360357127418e-14,RDH16
ENSG00000139679,2338.814565615842,2.06833639070097,0.21232276659006166,1.2171701654500975e-23,3.2352990485541675e-22,LPAR6
ENSG00000139973,380.92109533413475,1.8635422360850646,0.6894469414899698,2.68792460435765e-4,0.0013022563203060576,SYT16
ENSG00000141505,370.0436940198703,1.5298763114631828,0.6321936416020163,6.478402008689567e-4,0.0029060236823617823,ASGR1
ENSG00000143036,3539.017381136805,1.7033534588123032,0.2026488911268876,2.7530818730795522e-18,5.2951644187967165e-17,SLC44A3
ENSG00000143512,3222.798391034324,1.8438429887626524,0.5987799181123221,9.529610365330368e-5,4.974782046542693e-4,HHIPL2
ENSG00000143631,100.16076409119522,10.867772573498396,3.180543073498799,4.020620545927588e-10,4.064433518524096e-9,FLG
ENSG00000143839,559.291484212825,2.4665738016195675,0.5531532106324087,3.7563978182131956e-7,2.753777958518719e-6,REN
ENSG00000144035,58.87809660898973,9.26032398548085,3.7238346440367667,4.187540158544428e-5,2.3182132645924037e-4,NAT8
ENSG00000144229,583.5611265353839,2.5602311595197835,0.4654289014150996,1.8108661423395992e-9,1.6996327468904956e-8,THSD7B
ENSG00000144550,395.0325220997918,2.915306791311197,0.5403546282014143,3.1963155777398573e-9,2.944949145643492e-8,CPNE9
ENSG00000145246,367.8424631964723,13.183227263390487,3.2013834232612854,3.9814836227769614e-20,8.700123225184288e-19,ATP10D
ENSG00000145526,8914.35050042253,1.7029433350545868,0.10648191635841515,1.0987595916121767e-58,1.1566254036375006e-56,CDH18
ENSG00000145861,534.7609487921889,1.6662032402733384,0.6768266813225768,5.636822443740061e-4,0.002568494560646148,C1QTNF2
ENSG00000146409,2585.736041258277,2.4484602592563744,0.21970525098500676,4.3468730712062164e-30,1.6053751083039849e-28,SLC18B1
ENSG00000146411,2356.06901006734,2.6470755166952333,0.3177216760717297,4.26834655736453e-18,8.12951227575187e-17,SLC2A12
ENSG00000147246,752.1994828044894,2.349587244392061,0.4238723789817578,1.6333005799577654e-9,1.5412027667937487e-8,HTR2C
ENSG00000147642,51153.47047321386,1.8587729605484236,0.04955462378293875,0,0,SYBU
ENSG00000147883,6977.688242864178,1.746782979988666,0.11475993305466349,1.00010525646601e-53,9.204895474368703e-52,CDKN2B
ENSG00000148677,863.7388936126554,2.5197221863381074,0.3289801066598129,1.0188242291757765e-15,1.6282200487995966e-14,ANKRD1
ENSG00000149131,470.79783548839856,1.7041262074394623,0.6767130078894863,4.720962444591229e-4,0.00218256829177361,SERPING1
ENSG00000150337,3373.2045142384354,1.9884028406718028,0.16570068734772553,2.245958586032489e-34,1.0268616115255694e-32,FCGR1A
ENSG00000150471,73.41352115206206,10.280821655854709,3.1886063413879406,1.1946596897998893e-8,1.0355779101004514e-7,ADGRL3
ENSG00000150782,6109.487326190812,3.9062376484880903,0.1676266768490424,2.500918974919119e-121,8.79298102391813e-119,IL18
ENSG00000151320,1015.5162821826058,2.5770535129790453,0.5590589002488019,1.8413916690216735e-7,1.4013309456955199e-6,AKAP6
ENSG00000151365,1454.8899113940447,1.592825146594612,0.35515473902306954,4.2142686770792494e-7,3.0657867249623286e-6,THRSP
ENSG00000151470,8343.846376068761,1.8855754411456989,0.11315068243493812,1.579967481294362e-63,1.9491254973624026e-61,C4orf33
ENSG00000151572,419.54871041489434,1.573840014600965,0.5800176550796572,2.9760276167012546e-4,0.0014288427553680104,ANO4
ENSG00000152766,5462.115517265259,2.827097165814903,0.16555287121443804,1.566239780096701e-66,2.062450353124341e-64,ANKRD22
ENSG00000152931,130.51000507406445,11.370249118801395,3.1673354589466642,7.0306523151828305e-12,8.300560938533013e-11,PART1
ENSG00000153064,2312.9205287315854,1.7407743887292058,0.22294243083118864,3.4892334135218736e-16,5.789426974328247e-15,BANK1
ENSG00000153071,1761.8866824504394,2.1603433494188673,0.2653352952210181,2.2627347141313695e-17,4.117778975887413e-16,DAB2
ENSG00000153446,42.43831255083712,8.985808888645135,3.396774635347741,1.1180747229557052e-5,6.732383830176338e-5,C16orf89
ENSG00000154734,882.5663719171731,1.6312853862559504,0.3752246760422944,7.620910570458831e-7,5.380393468810482e-6,ADAMTS1
ENSG00000155052,185.33169060563753,2.4072854577182183,1.4946755676467738,0.0019071529235053254,0.00777974122723329,CNTNAP5
ENSG00000156463,7265.4799520992565,2.2670930204257704,0.11392589221479553,6.054527529804173e-89,1.3059578737446926e-86,SH3RF2
ENSG00000156535,37411.23974487614,1.5232064959045482,0.07364569866992929,3.855533573494447e-96,9.546246824682483e-94,CD109
ENSG00000157087,427.0771038048687,1.5547301709166947,0.5979942751597216,4.0736975899447077e-4,0.0019068983299809076,ATP2B2
ENSG00000157343,410.5876972951403,1.5214864288883059,0.4979558487254073,1.126722843044138e-4,5.817953948977654e-4,ARMC12
ENSG00000158406,35566.91197667514,1.6308197072340305,0.06305753872297465,1.3628811055523308e-148,7.046696586781529e-146,HIST1H4H
ENSG00000159339,588.6348560027863,1.7052021823800272,0.5938745215137871,1.7964222581815341e-4,8.975473948473009e-4,PADI4
ENSG00000159860,1673.0921699378346,2.142535253028662,0.24943774227968665,5.133664031060274e-19,1.038518375535375e-17,TCAF2P1
ENSG00000162511,2349.3255912233167,2.9084019551819886,0.21650194445936174,1.776131075178428e-42,1.1395436582517948e-40,LAPTM5
ENSG00000162595,57.027996925669235,9.709371484622245,3.2691844569191253,4.699165650308003e-7,3.400946173305456e-6,DIRAS3
ENSG00000162616,8513.919597721095,1.6198389585747555,0.12236820943852342,3.936534928340892e-41,2.394543798365699e-39,DNAJB4
ENSG00000162641,1504.9879478927187,1.6473140946599358,0.26710692181899603,4.462469168557247e-11,4.899936086736548e-10,AKNAD1
ENSG00000162723,48.388039638586044,9.344139298452667,3.311582151273133,2.2878748342228215e-6,1.5149286279542381e-5,SLAMF9
ENSG00000162772,5296.016993695418,1.7603520615122126,0.15608045610994076,1.2134050759367476e-30,4.562792413354022e-29,ATF3
ENSG00000162999,2858.353733623663,2.2016153546913415,0.24342614993503575,8.866515331227482e-21,2.0164153462524389e-19,DUSP19
ENSG00000163131,852.509746279512,3.85639700277379,0.42892758461733255,1.2849607986014045e-20,2.897879199360281e-19,CTSS
ENSG00000163141,38408.40284224834,2.650583880426914,0.06043481902672842,0,0,BNIPL
ENSG00000163209,273.9628887924569,3.4355130358670936,1.0390201163064559,3.0381788313241578e-5,1.7190107745498242e-4,SPRR3
ENSG00000163431,212.5479681445344,2.3289074602397886,0.783633287377462,1.086817897214971e-4,5.625946767988982e-4,LMOD1
ENSG00000163536,399.42466055002274,2.0582625931382728,0.5307104998344447,4.941856795387196e-6,3.1323371744910474e-5,SERPINI1
ENSG00000163701,13117.78372585371,1.7084970196901625,0.11485989240546308,2.509755797041431e-51,2.1627574526514627e-49,IL17RE
ENSG00000163803,237.97124214221398,2.0981865489614053,1.5120894831284544,0.002739642508643093,0.010793712568509917,PLB1
ENSG00000163898,11506.971910369808,2.5904568421824514,0.11525918221250693,4.514249409484786e-113,1.4428772271643237e-110,LIPH
ENSG00000164039,9813.817647137195,2.716337327060558,0.1385099245620932,7.097962714153046e-87,1.4425275784214276e-84,BDH2
ENSG00000164294,21004.54417478639,2.0777488836070925,0.07268545013623834,6.698678997554878e-181,4.443751978774188e-178,GPX8
ENSG00000164334,33.680072853035384,8.378987183723092,3.5371579227655476,6.988461918656069e-5,3.7369936516810454e-4,FAM170A
ENSG00000164342,226.5724470873397,3.0063177011278253,1.1624534723743747,2.62192608852534e-4,0.0012729121699318203,TLR3
ENSG00000164520,2798.6366222673405,1.7598486704974694,0.18288578920632845,4.04994758699514e-23,1.0393584467968039e-21,RAET1E
ENSG00000164749,2221.446212092737,1.6064617348263883,0.2490131292363004,7.2706896539546384e-12,8.572440561481929e-11,HNF4G
ENSG00000164794,1386.0908003906966,1.6506608502538522,0.261340541475692,1.708274588914621e-11,1.9494068896997454e-10,KCNV1
ENSG00000164893,895.3889830005992,3.745243370349889,0.45251818448385234,6.237492481920767e-18,1.175892751591701e-16,SLC7A13
ENSG00000164946,1277.8868653212608,2.2516326729062643,0.2954193425404815,1.4186228289510809e-15,2.2326481666558214e-14,FREM1
ENSG00000164949,5569.908735447468,1.551550022894665,0.13037399133198824,8.551151422277187e-34,3.791298018358684e-32,GEM
ENSG00000165091,143.05703669031857,11.554255157990386,3.1499160347803628,6.333872583693215e-13,8.13637654987467e-12,TMC1
ENSG00000165181,230.87781807313695,2.0570789135484984,0.7847199314103728,3.09624680156814e-4,0.001482715081671673,C9orf84
ENSG00000165288,5591.550059675244,1.754399558339773,0.13573746290787178,2.1587662856952287e-39,1.2241945780444927e-37,BRWD3
ENSG00000165434,19205.644806997814,2.557567621691442,0.09643078603681429,3.2477301898485454e-156,1.8719171433587707e-153,PGM2L1
ENSG00000166104,73.76475836450683,10.290246213886315,3.188174237057622,1.130720030207921e-8,9.833041192698565e-8,RP11-299H22.3
ENSG00000166268,1449.1667701107297,2.453081800746081,0.363882591089979,8.174108326801441e-13,1.0397737867656001e-11,MYRFL
ENSG00000166535,4492.062278135163,1.8740596772044127,0.161973968798291,3.786247210723597e-32,1.5127348372935336e-30,A2ML1
ENSG00000166750,9688.067992876875,1.7184445690534773,0.10939714741933138,1.2032139975956343e-56,1.2191297101286716e-54,SLFN5
ENSG00000166866,302.2196441087979,2.002314022650387,0.6425676210137419,7.599766167048014e-5,4.0362564753359685e-4,MYO1A
ENSG00000166961,55.9450219217786,9.669994976666425,3.2721627046882324,5.560955395194824e-7,3.984463638468613e-6,MS4A15
ENSG00000166974,12946.35172490866,1.5366010288669212,0.08746435611199171,3.18605892243845e-70,4.480745826160538e-68,MAPRE2
ENSG00000167601,393.6636718529475,1.7406295769884503,0.7340686971419137,6.61218785373259e-4,0.0029599937961469844,AXL
ENSG00000167757,5154.410830359335,2.1871437287623157,0.13978961145974755,2.2384487776976623e-56,2.2422114123952168e-54,KLK11
ENSG00000168032,421.86633930436165,1.8490873279094324,0.5247051365616346,2.0080904836780125e-5,1.1654416196044114e-4,ENTPD3
ENSG00000168386,173954.55857273188,3.030352731857962,0.03135106660684107,0,0,FILIP1L
ENSG00000168405,2970.7428505062426,1.5682172363500264,0.232142068945232,9.521412128233758e-13,1.20288655773112e-11,CMAHP
ENSG00000168679,7679.644181569478,2.134958183774121,0.11038233247015639,8.94859171548188e-85,1.777534102399025e-82,SLC16A4
ENSG00000168874,849.3545045069557,1.6319898035168838,0.4346774606547607,9.407928061603817e-6,5.7207426966089345e-5,ATOH8
ENSG00000169031,1378.138613300931,1.5759388472240883,0.259443641973841,8.085628347534111e-11,8.690999910454045e-10,COL4A3
ENSG00000169247,2712.270391275394,1.5766357374251314,0.2040257320539614,7.470559992691748e-16,1.2087317937554035e-14,SH3TC2
ENSG00000169469,965.6107801442486,1.5824963895151534,0.3712362703403066,1.1155902446457639e-6,7.696828377452984e-6,SPRR1B
ENSG00000169474,199.397778767825,2.662034467775452,1.2911091448909973,8.840470021139898e-4,0.0038649848977027816,SPRR1A
ENSG00000169562,274.91549422394525,3.1603536807314403,0.570138215471897,1.3721765540168954e-9,1.303901498991352e-8,GJB1
ENSG00000170379,5772.734816995921,2.472526869027444,0.1233969332565336,2.247378755122011e-90,5.000986686793341e-88,TCAF2
ENSG00000170465,716.3786990350688,1.6160341190254488,0.415899897399235,5.443339331814124e-6,3.426107546853791e-5,KRT6C
ENSG00000170961,880.5019607428312,1.6511973866939937,0.5613187683858498,1.522750948285193e-4,7.691193878862103e-4,HAS2
ENSG00000171408,230.31792736377224,12.378934377848656,3.1798077928914017,6.659484800883486e-16,1.0829825444692991e-14,PDE7B
ENSG00000171431,2896.314035932565,1.6574039199633968,0.19795230729282814,3.746567335254773e-18,7.147344597950221e-17,KRT20
ENSG00000171476,217.41111946903962,2.7701749751777953,1.2122483475669446,5.564338833594183e-4,0.002539086165481348,HOPX
ENSG00000171502,689.1038506988674,1.5132319159054803,0.3788075107479291,3.787011867382971e-6,2.4377068884166584e-5,COL24A1
ENSG00000171517,948.1393545434518,1.7468332745174726,0.33722757680640814,1.2872381009278832e-8,1.1114441156808311e-7,LPAR3
ENSG00000171658,627.3710609228465,2.435354335669937,0.4082265788430871,1.2431687436904878e-10,1.3137532269135516e-9,NMRAL1P1
ENSG00000172005,66.76827124251331,4.008559663802488,2.0865309922016797,8.116172342670016e-4,0.0035732094089147895,MAL
ENSG00000172296,1503.5791781507696,3.3139755067228553,0.30019612085233927,1.3549238641869384e-29,4.860996749076385e-28,SPTLC3
ENSG00000172476,303.160107070134,2.0032751831888613,0.631945428803219,6.474414360219035e-5,3.4801090733976614e-4,RAB40A
ENSG00000173208,56.24918659343604,9.68072524692804,3.2718114158806553,5.347612675754729e-7,3.8441364560797484e-6,ABCD2
ENSG00000173212,467.90484133468254,2.350279091297395,0.5865250361416965,2.7305816345410353e-6,1.7893085483935746e-5,MAB21L3
ENSG00000174125,217.4915899422598,12.307633884343767,3.1624025033536696,2.801676923997768e-16,4.683982832659892e-15,TLR1
ENSG00000174599,741.1912899220672,1.7059887613784241,0.435996619652445,4.87062306747006e-6,3.090817492333138e-5,TRAM1L1
ENSG00000174898,48.168028051062365,4.541181044844055,2.140671874643574,5.854388586333263e-4,0.002658329436999757,CATSPERD
ENSG00000175065,376.7166353035879,2.79013401027117,0.602030730938658,1.6120030028962348e-7,1.2363964567807312e-6,DSG4
ENSG00000176029,47.03224757914705,3.37036231299773,2.2260491243672087,0.0016390718199897282,0.006777387524287763,C11orf16
ENSG00000176907,33.50490805907935,8.363780434210417,3.5414292107627414,7.272343827462527e-5,3.8758274462597387e-4,C8orf4
ENSG00000177398,1587.3334914865854,2.479418837610857,0.3140761649755432,1.6081064165979357e-16,2.730450943880463e-15,UMODL1
ENSG00000177694,26665.366615053743,1.9065461781253739,0.07038944323476037,7.998902860875262e-163,4.7666682319578526e-160,NAALADL2
ENSG00000177791,118.75405810674724,11.214653907925495,3.1510935864606413,1.1851296600480652e-11,1.372915114254693e-10,MYOZ1
ENSG00000178033,33.680072853035384,8.378987183723092,3.5371579227655476,6.988461918656069e-5,3.7369936516810454e-4,FAM26E
ENSG00000178075,10507.846490505442,3.1694005175744246,0.1054007721920151,2.723545927171395e-200,2.0373861968812568e-197,GRAMD1C
ENSG00000178248,59.63180584261915,9.843247684790432,3.2274359320495383,1.5909719660986863e-7,1.2213315143245352e-6,AP000345.1
ENSG00000179256,1399.7573401958025,1.9309588964190758,0.25872491136605485,5.127554612298573e-15,7.714150304399038e-14,SMCO3
ENSG00000180251,1016.7922357230331,2.2878706450022257,0.3600396865804706,1.0851255014290746e-11,1.2616378143103452e-10,SLC9A4
ENSG00000180801,6022.575134234905,1.5353956652018523,0.16246583683171334,2.434839519307678e-22,5.982286698765803e-21,ARSJ
ENSG00000180878,38.81880887551387,8.79068406493349,3.42079856878208,1.9264979679438712e-5,1.1216052666822085e-4,C11orf42
ENSG00000180881,6284.519235954129,1.6597287068332593,0.12020605047275522,1.6017427171316822e-44,1.1020679489556324e-42,CAPS2
ENSG00000180999,671.9251593527107,1.6882479042663814,0.3857120322048863,6.544428791798108e-7,4.6540366482773e-6,C1orf105
ENSG00000181013,877.762552042235,1.5735153366840127,0.3660447840642037,1.0070120361864473e-6,6.9902341915655085e-6,C17orf47
ENSG00000181458,4847.770957877504,2.8886379848448533,0.1898919396999946,1.6833447872663366e-53,1.5412687337369045e-51,TMEM45A
ENSG00000181908,229.61612182208654,1.6536664213559487,0.8259855311773749,0.0014745705941631162,0.006150721025054099,AP003774.4
ENSG00000182508,33.3323570889604,8.350422971667612,3.5447163599798928,7.515378440159964e-5,3.994409389306844e-4,LHFPL1
ENSG00000182795,1070.657326553148,3.282245204336196,0.48832719999970253,8.962708253831863e-13,1.134340746927554e-11,C1orf116
ENSG00000183111,7662.375800489984,1.5446349120047616,0.16061187575952113,4.883660270267874e-23,1.2460421730213946e-21,ARHGEF37
ENSG00000183128,1350.7332795506004,1.6836070274082353,0.31065877276485354,3.607287096193024e-9,3.298533342394032e-8,CALHM3
ENSG00000183230,825.1647500370947,2.473680273098152,0.5558613565992921,4.0553923836014253e-7,2.9581647472000523e-6,CTNNA3
ENSG00000183346,5181.441073803383,1.7844393501964828,0.1927168345911929,1.2890075737745845e-21,3.0788191091264006e-20,C10orf107
ENSG00000183625,796.1233476022833,1.5235847934093336,0.38080796696297264,3.5727835431329927e-6,2.3057176320303393e-5,CCR3
ENSG00000184115,33.50400043454666,8.36537822563024,3.540414588195564,7.226053937822836e-5,3.853493559834872e-4,RP13-1039J1.2
ENSG00000184271,800.5280151992079,1.7135481158274997,0.39568828890608376,8.201605013636962e-7,5.762594537858952e-6,POU6F1
ENSG00000184368,863.0697254682085,2.3369336453701406,0.4052361978922121,4.2421450038777344e-10,4.282215796478245e-9,MAP7D2
ENSG00000184384,3895.589623099043,2.008227650622175,0.16671814510687094,1.371477771243251e-34,6.34470881041335e-33,MAML2
ENSG00000184481,5143.094641289946,1.897256897525236,0.14558679732371096,5.246132771572764e-40,3.0690313164014444e-38,FOXO4
ENSG00000184500,22568.572600399002,1.7900330121024242,0.07374074440777469,1.8814092536947824e-131,8.066886335445714e-129,PROS1
ENSG00000184515,1291.9332828064446,1.5903642335650054,0.30638469589663136,1.3014649600432371e-08,1.122900773746262e-7,BEX5
ENSG00000185015,1773.448534432559,1.9026898782425312,0.21838560777882807,1.8443198419087153e-19,3.850620030977941e-18,CA13
ENSG00000185303,629.8742788574795,3.7309020366959658,0.43106232031558755,2.467929923694549e-19,5.0861634341838595e-18,SFTPA2
ENSG00000185745,2135.5946543560267,3.5186395115154645,0.33916805358505686,1.3806427334239357e-26,4.284379334903102e-25,IFIT1
ENSG00000186026,1776.799998366647,1.5745902547245567,0.24002011124383052,2.917931197988724e-12,3.567160743744282e-11,ZNF284
ENSG00000186081,1182.2405753565104,1.5509641125216207,0.26924231895915585,5.430276797279497e-10,5.399408990824374e-9,KRT5
ENSG00000186231,56.85192450718051,9.695163742634737,3.276424408188824,5.420361014031152e-7,3.890068848587901e-6,KLHL32
ENSG00000186451,885.488340906323,2.8715120732234,0.4051993561293845,7.466542960021604e-14,1.029071673584475e-12,SPATA12
ENSG00000186470,2504.8386583706983,3.7835650083584293,0.29659671293012935,1.5461070827524548e-38,8.414795498838013e-37,BTN3A2
ENSG00000186474,2376.952275882561,1.781734432998146,0.22572682491405294,1.7724127916843434e-16,2.998857619962937e-15,KLK12
ENSG00000187726,377.5818157747473,1.7575636942424084,0.5777880735495352,1.0847056095744774e-4,5.615839276546761e-4,DNAJB13
ENSG00000187837,55822.53957688919,1.5421999873278445,0.04172858494838149,7.429911633136947e-298,1.2439441100450566e-294,HIST1H1C
ENSG00000187871,44.72348491520293,9.109835898369267,3.3811019260584625,7.5741389725436575e-6,4.6661845476723754e-5,GFRAL
ENSG00000188037,67.18407328758204,10.094506527253175,3.2055454726680597,3.9490037269064225e-8,3.238698904462396e-7,CLCN1
ENSG00000188404,2469.02909443401,1.8737507591876732,0.20092903984802316,6.972752700921455e-22,1.680294806111703e-20,SELL
ENSG00000188738,4473.551705157535,2.6115259422989174,0.22948842239784853,2.714316305157581e-31,1.0510203411127247e-29,FSIP2
ENSG00000189002,1311.114176320038,1.728544193060716,0.291408534169752,1.8280697523985744e-10,1.9032604212194695e-9,PROS2P
ENSG00000189058,7475.3524959123715,2.4630300316265274,0.11071812628981663,2.867697525672229e-110,8.844331342553502e-108,APOD
ENSG00000189233,505.15567381948523,1.659398376729387,0.47182169837955734,2.227516803195443e-5,1.2847320092445631e-4,NUGGC
ENSG00000196139,47616.33293378958,1.5684315348839486,0.07264860825180289,1.6711004710608896e-104,4.5901735517210796e-102,AKR1C3
ENSG00000196639,868.4249085081007,2.7243490556841743,0.3749150325345096,1.952149131536165e-14,2.8198689940706667e-13,HRH1
ENSG00000196668,950.9957914345721,1.7271409323012097,0.33376353438512985,1.3385338084429457e-8,1.1537511686944234e-7,LINC00173
ENSG00000196954,3618.9484205543845,2.201849296471864,0.19135727433450866,7.363956792430837e-32,2.9156459106427453e-30,CASP4
ENSG00000197415,13888.881642453827,2.8992416567175874,0.10006281821543919,8.179516405631297e-186,5.638894456972368e-183,VEPH1
ENSG00000197893,197.88825078777344,1.8419533936549695,0.7838542258310498,6.529725020558692e-4,0.0029260591638774285,NRAP
ENSG00000198019,1646.56931173082,1.9969155107081968,0.2768213043234758,3.195912730447709e-14,4.5418389527005253e-13,FCGR1B
ENSG00000198353,2708.3476406580194,1.5393798094847053,0.1997733380407653,8.968034649008517e-16,1.44041630984235e-14,HOXC4
ENSG00000198513,3349.4378502046056,1.5736368468157307,0.179979115029009,1.541153177224374e-19,3.2310915061438144e-18,ATL1
ENSG00000198643,240.06519833719955,2.1232474607280256,1.4935516396534585,0.0026245011418726495,0.010378454127443537,FAM3D
ENSG00000198865,5656.3273389381375,3.987920904967102,0.1994820866377007,2.9180402064444977e-90,6.452539347068056e-88,CCDC152
ENSG00000203356,49.69203778690491,9.429601223054265,3.282544719772826,1.3123051498716088e-6,8.966058446237056e-6,LINC01562
ENSG00000203697,32972.65180469629,2.153142429206372,0.0662715788300867,8.419882924007777e-233,9.549505281457724e-230,CAPN8
ENSG00000203721,628.2721752121938,2.0492878273560526,0.4755641157847249,8.063022639962766e-7,5.667379487070441e-6,LINC00862
ENSG00000203778,338.1380022953552,2.62601284005866,0.5556508202892211,1.0660123276807808e-7,8.339992752320555e-7,FAM229B
ENSG00000203897,230.5951175611242,3.9201604234312875,1.062653384815129,7.516001360468259e-6,4.6319910925977825e-5,SPATA42
ENSG00000203943,958.458941687577,2.30299410180069,0.36322591671013577,1.1938611729651676e-11,1.3816644167308207e-10,SAMD13
ENSG00000203952,636.9177728758759,2.3769912406251406,0.5780121546117993,1.8015134667199263e-6,1.2094598429712793e-5,CCDC160
ENSG00000204140,62.0622515316871,9.894908310260751,3.248338409262807,1.8332185470534115e-7,1.3960175632629607e-6,CLPSL1
ENSG00000204219,489.44031268845424,1.7764989321455316,0.6456841420389643,2.4513820318490027e-4,0.0011967250882779657,TCEA3
ENSG00000204262,35094.70354691004,2.3158478273912912,0.06995951676317551,2.9880826171927475e-244,4.040692182226146e-241,COL5A2
ENSG00000204610,241.5609312874638,1.9753661849411208,0.7200515620496513,2.3011695421954246e-4,0.001127935590883158,TRIM15
ENSG00000204789,1841.5116074255611,2.4587793993221796,0.3046265693236816,3.801695273884006e-17,6.774647954104802e-16,ZNF204P
ENSG00000204889,665.3842621422382,1.7466282385121408,0.4733065646945557,1.1260091027119731e-5,6.774359007914145e-5,KRT40
ENSG00000205413,1976.3725652617147,2.701351781104061,0.24957806612660757,1.5028417210842937e-28,5.124967223239833e-27,SAMD9
ENSG00000205420,3443.8842841118008,1.9233029302758207,0.20443226785287827,2.9895373407434763e-22,7.319578228635089e-21,KRT6A
ENSG00000205693,315.6248574396093,2.087929263764922,0.7417614235422216,1.8364324110099026e-4,9.159757006482787e-4,MANSC4
ENSG00000205847,1305.3633321077232,4.219138116388745,0.34857197253527283,5.134980530975628e-35,2.413646797975563e-33,OR7E91P
ENSG00000206127,699.6421977339826,1.5101520380373985,0.37518922991752585,3.3397052918595976e-6,2.1656344219198007e-5,GOLGA8O
ENSG00000206129,41.26149903115428,8.955151562716269,3.379363728666511,1.0471569742172242e-5,6.331382984781321e-5,CTD-2008L17.2
ENSG00000206579,41.38765739683062,8.918599439442387,3.4170204385212357,1.4677608959934594e-5,8.687711337076437e-5,XKR4
ENSG00000207864,104.84716647981085,4.659011019930916,1.537017372543231,6.085145276788848e-5,3.285436467853488e-4,MIR27B
ENSG00000211820,56.64113338627327,9.65301406661555,3.3069444665484746,9.081301455483797e-7,6.340140545539214e-6,TRAV41
ENSG00000213190,61013.02647549156,1.6070357884588438,0.06091170037078957,1.3014207401902323e-154,7.2629606038648215e-152,MLLT11
ENSG00000213759,255.0639816925819,1.5690268364793634,0.745135660016303,0.0012610271370609516,0.00532954118426806,UGT2B11
ENSG00000213876,50.47737820643316,9.43358068100086,3.3046696306219725,1.6629350028516486e-6,1.1226407789028631e-5,RPL7AP64
ENSG00000214194,24325.456076746133,1.5706281413641545,0.0689410516830539,5.299616111945572e-116,1.7578226686782487e-113,LINC00998
ENSG00000214274,2279.2485386659732,2.1584398825179365,0.332535142427802,4.688373586255583e-12,5.631654489892725e-11,ANG
ENSG00000214376,454.4094552946806,1.7184961985224643,0.5527925197716166,9.018624260225188e-5,4.725570944340646e-4,VSTM5
ENSG00000214553,192.94314328413896,1.6855734787372754,0.7818124306259007,0.001067800279040667,0.004590503275093437,LRRC37A11P
ENSG00000214803,51.45092150591092,9.48129926328226,3.295655000165024,1.3136204385900413e-6,8.971558080883307e-6,RP11-37N22.1
ENSG00000215018,3867.37997024482,2.2807214319068896,0.21179087587744577,2.8715000958394205e-28,9.6982777972736e-27,COL28A1
ENSG00000215022,227.05237453311412,1.5496960991272783,0.9471966228696753,0.002816837209973303,0.011070554377984727,RP1-257A7.4
ENSG00000215808,640.3610037294862,1.9113182106676394,0.39155495811101104,5.706097249019196e-8,4.607183516607385e-7,LINC01139
ENSG00000219700,76.11838540387251,10.331244742014736,3.2041363179059412,1.3279875276185122e-8,1.1449414782623655e-7,PTCHD3P3
ENSG00000223382,615.8117542430667,1.7829132644727246,0.45882441279818903,5.226904627972117e-6,3.301702116688316e-5,RP5-1125N11.2
ENSG00000223968,41.38732378710091,8.926962856917948,3.409649853859716,1.3722600783082437e-5,8.156769584655881e-5,AC098614.1
ENSG00000223969,57.72608203848886,9.767226838869249,3.24023369995362,2.5483797659441224e-7,1.904324849964493e-6,AC002456.2
ENSG00000224020,380.1074233547542,1.7373540385182304,0.5543609098346455,7.97832696182676e-5,4.217561233662112e-4,MIR181A2HG
ENSG00000224050,33.328835640590626,8.348836740360662,3.5459259636943177,7.569894472656393e-5,4.020998938874847e-4,RP1-90G24.6
ENSG00000224063,1316.3851913056615,2.0906535334518463,0.27420085959831564,1.428540188223333e-15,2.2452411478651843e-14,AC007319.1
ENSG00000224650,49.84366631046729,9.436953149743877,3.2813177432247764,1.2668680060728157e-6,8.669095411738834e-6,IGHV3-74
ENSG00000224810,57.60116490707492,9.738977057223039,3.26038649058234,3.776884912545053e-7,2.7682196506185432e-06,RP11-538D16.2
ENSG00000225069,41.08542661266556,8.94550389984325,3.3806014984026245,1.0786469700118351e-5,6.510583488179591e-5,RP5-1025A1.2
ENSG00000225269,85.35187182100026,10.527511420144899,3.220171994427472,7.501482211800384e-9,6.646789644271413e-8,LINC00705
ENSG00000225920,56.07220655041463,9.200272542428596,3.6934316846663284,4.016434843950546e-5,2.2284019674681592e-4,RIMKLBP2
ENSG00000226017,848.1865733019538,1.6348090651708933,0.3428482355229785,1.0970645258296257e-7,8.573392234639655e-7,PRICKLE2-AS3
ENSG00000226125,57.425092488586195,9.760320605752378,3.2374642029555725,2.5071665512657753e-7,1.8751216502010933e-6,AC098823.3
ENSG00000226310,190.8145898431145,1.8350751184663139,0.8223474764227708,8.502801191241231e-4,0.0037336079315954847,RP3-323P24.3
ENSG00000226482,33.50400043454666,8.36537822563024,3.540414588195564,7.226053937822836e-5,3.853493559834872e-4,ADIPOQ-AS1
ENSG00000227038,1570.8995764427577,2.381905731503658,0.25753606492429254,1.3738376881190644e-21,3.2747633407849613e-20,GTF2IP7
ENSG00000228107,48.49520944519819,9.349872790205593,3.3103921020096574,2.2257417025093328e-6,1.4751150333369581e-5,AP000692.9
ENSG00000229021,676.9933881881178,1.5204245734316828,0.40020172398147763,8.197718727832905e-6,5.026571202509192e-5,AL591893.1
ENSG00000229386,39.68316087565203,8.82169107086386,3.4281749344588555,1.9092694287491515e-5,1.1126803223171128e-4,OR8B9P
ENSG00000229391,989.9996012231891,1.548690258201417,0.39462864344755955,4.717307226135109e-6,2.998116499705067e-5,HLA-DRB6
ENSG00000229453,202.78086924991914,12.178015263510334,3.1560909247178928,1.1388384445027678e-15,1.8126039325610146e-14,SPINK8
ENSG00000229989,184.15779832194104,1.781191241223355,1.0185708673597629,0.002093417934065835,0.008459082995497148,MIR181A1HG
ENSG00000230186,250.89711507556132,2.415050250243964,0.612481679010578,3.5356042853647665e-6,2.283819788152486e-5,RP5-998N21.7
ENSG00000230316,4201.425356301213,1.7765083501238084,0.16782756553987158,2.3948926048877158e-27,7.717876177382879e-26,FEZF1-AS1
ENSG00000230490,1109.2457290560742,1.574235460403926,0.3057701607946563,1.6397680517168896e-8,1.397300167966896e-7,RP11-141M1.3
ENSG00000230882,4223.416515969653,2.8919590530954347,0.20331958131344327,3.7246067485791716e-47,2.822272600717567e-45,AC005077.14
ENSG00000231107,3202.435054494489,1.7998458268221886,0.17920777945042077,6.516400508506961e-25,1.8611707999885966e-23,LINC01508
ENSG00000231667,39.54506557529168,8.833051780977954,3.414347258075405,1.7076367929798703e-5,1.0020057448828742e-4,OR7E111P
ENSG00000232023,69.6908030503465,10.175173417423773,3.1956900583345,2.2699093241265543e-8,1.9038106375707424e-7,AC009410.1
ENSG00000232485,330.8537455731118,1.5126450366269273,0.6384073554081429,7.378687505208453e-4,0.003273530271238157,AC098820.3
ENSG00000232699,2081.8151981766746,2.535459627027847,0.2343854838821647,1.6284580728779744e-28,5.542590259856409e-27,BDH2P1
ENSG00000233029,5319.870334896429,2.109570801995142,0.18425229715526112,1.4470247971204929e-31,5.652882760217712e-30,RP11-439A17.9
ENSG00000233030,8091.472509488491,2.0519064241608267,0.10924029251780538,5.667481744895794e-80,1.0166479115754654e-77,RP11-196G18.3
ENSG00000233614,1219.814787842821,1.5176343821925355,0.27986875236238784,3.751023283158068e-9,3.4246228930811356e-8,DDX11L10
ENSG00000233916,33.680072853035384,8.378987183723092,3.5371579227655476,6.988461918656069e-5,3.7369936516810454e-4,ZDHHC20P1
ENSG00000234073,44.32421473768498,9.130103924150642,3.3482528219143473,5.535393307788427e-6,3.479064950098915e-5,AC011816.1
ENSG00000234405,63.30784557456491,9.970179568094379,3.2157986982801763,7.997428921396205e-8,6.349638725730033e-7,LL0XNC01-250H12.3
ENSG00000234511,56.41600103996354,6.570562053747359,1.7585858379219568,1.1228740549003343e-5,6.756653927133468e-5,C5orf58
ENSG00000234571,4701.335868617351,1.8341821571471657,0.1657314155056542,1.2511848228104769e-29,4.511836634378826e-28,RP5-998N21.4
ENSG00000234961,4966.55387683104,1.669512417372427,0.14819122868994683,1.3457467777467986e-30,5.049638309370297e-29,RP11-124N14.3
ENSG00000234998,409.685159068054,1.6711403015293698,0.5612220502005879,1.3460549437304116e-4,6.85386615012564e-4,RP11-439A17.10
ENSG00000235014,40.762154743516916,8.92333959736385,3.383645120334376,1.1605923252670751e-5,6.968112288945542e-5,REREP2Y
ENSG00000235770,141.43615556094286,1.5624980317217978,0.963889573549194,0.0028424113094139766,0.011161083228466161,LINC00607
ENSG00000236039,139.55433300122914,1.817510581619847,1.4488027499867773,0.003544781775236809,0.013606002449295957,AC017060.1
ENSG00000236098,70.47441582604444,10.202054108789252,3.1900188429960386,1.7857679093183e-8,1.5158332671106257e-7,RP11-148B18.4
ENSG00000236212,130.86862856856953,1.8344276975220661,1.2498375580100576,0.0029022534547332762,0.01138334774821143,AC009262.2
ENSG00000236352,728.5158826524749,3.4269023840796318,0.37153848437627335,1.5066382253990263e-21,3.5816019855851493e-20,AC005220.3
ENSG00000236975,463.0947036388474,1.5085909053296416,0.4602798390161693,5.51788247366331e-5,3.00082335485736e-4,RP5-1065P14.2
ENSG00000237450,44.256460477449714,9.144702182186908,3.3341515930513177,4.7170657149198075e-6,2.998116499705067e-5,RPL23AP71
ENSG00000237807,4414.2751334122695,2.4365987986283573,0.21701516746151386,1.798665040871934e-30,6.720431899257846e-29,RP11-400K9.4
ENSG00000238117,815.9620161736661,1.8627430746021563,0.5907889448194726,7.455111813815215e-5,3.965420215762922e-4,AP004372.1
ENSG00000238152,33.50842950744912,8.362973084441826,3.54258181730775,7.315481926885887e-5,3.897636445936974e-4,OR7E140P
ENSG00000239040,35.28351307324743,8.526993866406764,3.4864365422717953,4.424629318082267e-5,2.4436937196741193e-4,Y_RNA
ENSG00000239265,39.855711845770976,8.859208282255036,3.4045475316943774,1.5201861415082444e-5,8.97535256915002e-5,CLRN1-AS1
ENSG00000239500,1012.5587461794051,2.1522807866731344,0.3139559412796681,4.00861232150561e-13,5.221889611404807e-12,RP1-169K13.3
ENSG00000239614,56.63132785510309,9.59509288280146,3.355769877171676,1.8433801353012825e-6,1.2347380868176374e-5,HMGN1P7
ENSG00000240766,34.06470930011251,8.424472636713771,3.516314631311305,5.972647988075207e-5,3.2281680340159294e-4,PLCXD2-AS1
ENSG00000240891,3333.4347441027758,2.47062469436961,0.19718335343907242,3.0047754795574617e-37,1.5422613297191357e-35,PLCXD2
ENSG00000241532,36.13237996841987,8.574976537845787,3.485287099123227,4.063907012548498e-5,2.252607703834032e-4,AGGF1P3
ENSG00000241749,42.082107056168795,8.993328023775067,3.3798509744886864,9.684224164442113e-6,5.879600024134351e-5,RPSAP52
ENSG00000242291,52.82498925608966,9.570125681177357,3.2620500869085904,6.718560850216651e-7,4.7701510689169475e-6,RPL36AP51
ENSG00000243024,459.1934520049047,1.9411278314890665,0.5346473692117685,1.3601601232441489e-5,8.091686932849582e-5,RPS11P6
ENSG00000243069,496.23898146149793,1.715427838135872,0.5967227118790585,1.7592276069033013e-4,8.799641973412032e-4,ARHGEF26-AS1
ENSG00000243176,587.61526054855,1.7953341429454708,0.48480487622884555,1.0522497815588655e-5,6.361081511318457e-5,RP11-550I24.2
ENSG00000243955,3220.551659660282,2.176064135915693,0.2649040698322507,1.2635438365429993e-17,2.33446861529245e-16,GSTA1
ENSG00000244067,1006.6291377127295,2.1017138847410273,0.3515104901706426,1.239191030422289e-10,1.309943398635516e-9,GSTA2
ENSG00000245017,709.1979444619338,1.9739567410264693,0.3792024373924353,1.0259667785618577e-8,8.968663840740019e-8,RP11-181C3.1
ENSG00000246375,412.68758548572595,2.0145637454764325,0.5122789162835466,3.946805604471293e-6,2.5349970450786663e-5,RP11-10L7.1
ENSG00000246627,37.106884014218856,8.625743668457307,3.487237867718522,3.774370601624534e-5,2.1050618017531248e-4,CACNA1C-AS1
ENSG00000246898,214.3426971975184,2.6552399496480685,0.6452960521424751,1.6541574912379356e-6,1.1171441266698921e-5,LINC00920
ENSG00000247699,33.50400043454666,8.36537822563024,3.540414588195564,7.226053937822836e-5,3.853493559834872e-4,CTB-127C13.1
ENSG00000248019,633.296592598108,1.8690001946981833,0.41741134356665055,3.912922599503651e-7,2.8601755857785626e-6,FAM13A-AS1
ENSG00000248329,557.6735420535521,2.6877325124651725,0.538268874568384,2.731697596678783e-8,2.2743015818524588e-7,APELA
ENSG00000248544,33.70476275245637,8.397831095203678,3.521838603537197,6.373299227520333e-5,3.429428030921142e-4,CTB-47B11.3
ENSG00000249237,199.85969525362447,2.470533761403701,0.7133225745534081,2.1006370587373843e-5,1.2166157536660318e-4,RP11-376N17.4
ENSG00000249334,35.95146598970453,8.573791400732802,3.477973257893647,3.926558613277003e-5,2.1812904769190418e-4,RP11-61G19.1
ENSG00000249352,1373.3605900044702,2.131789131327207,0.2810452826188516,1.914303853077234e-15,2.979416076597719e-14,RP11-141O11.2
ENSG00000249699,49.51596536841619,9.393254720139204,3.307534722469344,1.918941040561478e-6,1.2821749913550172e-5,RP11-415C15.2
ENSG00000250015,39.107633802544534,8.801193448106753,3.423870796223324,1.9277675935828118e-5,1.1221535442474564e-4,CTC-339F2.2
ENSG00000250237,1661.2333415561843,2.342298161328019,0.3436497156322317,5.112145989868138e-13,6.612874939579612e-12,CTC-498J12.1
ENSG00000250522,157.28039356282838,11.734943746687678,3.1418894996828395,6.677486279692273e-14,9.228527519956787e-13,AC004066.3
ENSG00000250561,42.43831255083712,8.985808888645135,3.396774635347741,1.1180747229557052e-5,6.732383830176338e-5,OR7E59P
ENSG00000250722,9503.7203586833,4.100470299094128,0.11009578934226741,1.131184225157489e-304,1.9885653086156076e-301,SEPP1
ENSG00000250891,739.6821022816035,1.5769048895708098,0.4573275734353789,3.1012405429684766e-5,1.751309287668305e-4,CTD-2281M20.1
ENSG00000251081,1102.4793166501356,2.1213843647657002,0.28651314948443374,7.612182990440669e-15,1.1345347255655086e-13,RP11-713M6.2
ENSG00000251165,33.83170137659776,8.393183784645718,3.532182149002566,6.702820014499053e-5,3.5935414591304086e-4,F11-AS1
ENSG00000251442,52.22941223344106,9.50318329414949,3.300892633779057,1.3104940558149758e-6,8.955424782973515e-6,LINC01094
ENSG00000253394,237.63366276999838,2.5924849061969852,0.8808989238813828,1.0974537233002772e-4,5.677659720058041e-4,LINC00534
ENSG00000253616,143.2407266511964,2.3463018298445473,1.7018518930461866,0.002482393159714752,0.009870895849628022,RP11-875O11.3
ENSG00000253632,77.76185526813231,10.393992813882038,3.183737156142487,6.104703776763096e-9,5.45867955460869e-8,RP11-486M23.1
ENSG00000253666,60.427315792168535,9.366950166537869,3.6716238537867305,2.8075198918974298e-5,1.5972425870424228e-4,KB-1615E4.2
ENSG00000253690,39.666321175382926,8.858335694447861,3.3969504960708896,1.4492201507531033e-5,8.586560096130582e-5,RP11-380I10.4
ENSG00000253771,297.8062213370888,2.3876550922537345,0.5973244397693808,2.88777444817764e-6,1.88684746001631e-5,TPTE2P1
ENSG00000253882,3469.096770863857,2.7768491487225693,0.2137395855686143,7.660365090675861e-40,4.429782503668957e-38,RP11-61L23.2
ENSG00000254063,50.01973872895602,9.415395984877964,3.305302564101142,1.7622320532437153e-6,1.1842185925075646e-5,DUXAP2
ENSG00000254192,41.26149903115428,8.955151562716269,3.379363728666511,1.0471569742172242e-5,6.331382984781321e-5,CTC-558O2.2
ENSG00000254204,739.3129207350415,2.0202086900271548,0.5072650426367092,3.408422266492173e-6,2.2077508929181708e-5,RP11-400K9.3
ENSG00000254231,2385.0023854768915,1.6543898529702674,0.24759284719537963,1.5310354284553197e-12,1.9054752081083395e-11,CTD-2284J15.1
ENSG00000255037,39.98508477199932,8.884868441254483,3.3856202398043083,1.2727741927659194e-5,7.60528005497229e-5,RP11-680G24.1
ENSG00000255145,1101.53513635215,2.101542954110507,0.38849092334587776,3.425734470108009e-9,3.1406883503136244e-8,STX17-AS1
ENSG00000255261,41.1098705075919,8.945703316640293,3.3813907997429355,1.0842685898567087e-5,6.543391580977003e-5,OR7E4P
ENSG00000255402,317.566186906913,1.9293883052401635,0.5697641090761875,3.1996404220603844e-5,1.803690197197708e-4,RP11-696P8.2
ENSG00000255644,1174.8901453029275,1.6198018869371096,0.27446105323280173,2.336641707518286e-10,2.406385055496058e-9,RP11-59N23.1
ENSG00000255960,157.85416594815828,11.714362461947314,3.1680171613937564,3.746605394225033e-13,4.889639905551519e-12,RP11-459D22.1
ENSG00000256271,38.05828507740356,8.736058920155592,3.433263098422413,2.3089298689701528e-5,1.3290711405226197e-4,CACNA1C-AS2
ENSG00000256399,47.666111689590345,9.272213703874465,3.3456675544785615,3.851536266630584e-6,2.4769739088799107e-5,RP11-274J7.3
ENSG00000256812,289.2624501176162,1.6028024206512543,0.6636943280831185,6.283375812293385e-4,0.002826474029995178,CAPNS2
ENSG00000257042,875.0152615490365,1.9472326557323572,0.31815715024951396,5.394364085541827e-11,5.884593449691749e-10,RP11-993B23.3
ENSG00000257097,263.41851601924566,1.7006083020522782,0.7272647017194697,7.136672580206469e-4,0.0031737648034899676,CLIP1-AS1
ENSG00000257556,297.70194133999445,2.7915032740734964,1.125500231459359,3.557744322224638e-4,0.001683762722103864,RP11-44N21.1
ENSG00000257838,64.49298298608225,9.992174980651477,3.22753060528312,9.012529260800889e-8,7.127114626192048e-7,RP11-368J21.3
ENSG00000258451,883.8133145984531,3.039562251887548,0.5036105165791247,7.829283792620852e-11,8.428346260402832e-10,RP11-903H12.3
ENSG00000258461,686.4624663076311,1.6850843763971641,0.37500291040192574,3.9769638979839224e-7,2.902762584372363e-6,RP11-164J13.1
ENSG00000258588,8625.351902721697,2.304098309716609,0.12219226748234556,1.6119354786954103e-80,2.906360999766766e-78,TRIM6-TRIM34
ENSG00000258659,5410.144452133565,1.702559800498164,0.17041568223325837,1.1053498980707805e-24,3.1140222008229624e-23,TRIM34
ENSG00000258766,33.50400043454666,8.36537822563024,3.540414588195564,7.226053937822836e-5,3.853493559834872e-4,DIO2-AS1
ENSG00000258818,3427.6677255208174,2.112318126921118,0.2213486167335915,7.906151438816568e-23,1.9954944611439464e-21,RNASE4
ENSG00000258956,40.003612677301504,8.833800556220874,3.4324513079186767,1.9119913026565445e-5,1.1140819060341638e-4,COX4I1P1
ENSG00000259171,3492.1975520863407,2.2465858161018613,0.22353447867933238,5.383824354134987e-25,1.5500103068711968e-23,RP11-903H12.5
ENSG00000259409,1002.1960403422067,1.5904453190697605,0.31356513433241995,2.437675649573312e-8,2.0401389708009537e-7,RP11-521C20.3
ENSG00000259616,410.45258102996945,2.0809829139345997,0.6631969705480952,6.984929752901124e-5,3.7368098780013784e-4,RP11-507B12.2
ENSG00000259675,99.24705933616237,10.88246790823232,3.1530578272218306,1.4071487704532134e-10,1.4785996300168718e-9,RP11-507B12.1
ENSG00000260059,50.01530965605355,9.445069117088613,3.2800561199463005,1.2196167589408636e-6,8.360402734958436e-6,RP11-231E19.1
ENSG00000260377,68.36088680726488,10.091542853886835,3.2365985397016033,7.137654869922815e-8,5.69829263332462e-7,RP11-646E18.4
ENSG00000260604,1138.7486447125048,2.8364464178114215,0.3685580228656336,7.293991912378694e-16,1.1828849706979821e-14,RP1-140K8.5
ENSG00000260976,454.2966914938505,1.6215532975575735,0.4574681452880838,2.0497210768175686e-5,1.188817936981671e-4,GS1-120K12.4
ENSG00000261488,239.9920415093514,2.6536912716945062,0.6358142467770626,1.2853659276318002e-6,8.787124372857566e-6,RP11-757F18.5
ENSG00000261652,1502.1390687852997,1.9288080666094851,0.2941040812336811,3.2352406955969162e-12,3.942858885060111e-11,C15orf65
ENSG00000261671,33.50400043454666,8.36537822563024,3.540414588195564,7.226053937822836e-5,3.853493559834872e-4,RP11-573G6.6
ENSG00000262001,1912.7140069138097,1.5104076713043093,0.2459070980338014,5.5241340711114984e-11,6.014959114469159e-10,DLGAP1-AS2
ENSG00000263698,190.1638678340147,2.5591009522461152,1.3078400412719622,0.0010980474306019454,0.004706357382973765,RP11-408H20.3
ENSG00000265158,230.10882171247198,1.762216211154434,0.7270779200209448,5.760570500468055e-4,0.002621823925255099,LRRC37A7P
ENSG00000265246,1495.6079536572793,1.956735330323998,0.28392541658863557,3.2754578226723737e-13,4.2922781061251574e-12,RP11-663N22.1
ENSG00000267259,3042.477213755677,2.7964220672211817,0.2148959897874997,5.884441407469032e-40,3.436728827993417e-38,CTD-2008P7.9
ENSG00000268416,1184.7607278097298,2.4531421140916305,0.2977749115301217,9.774507636362943e-18,1.8173554414959528e-16,CTD-2626G11.2
ENSG00000268455,50.171367252518394,9.422694707854307,3.3040996455607354,1.7044660234469723e-6,1.1486931362540176e-5,RP11-359H18.2
ENSG00000270099,199.74995394033684,1.5255338703171775,0.8615792195524363,0.002347645149922397,0.009374316391382347,RP11-248J23.7
ENSG00000270432,297.51650329990974,3.6519462409381385,0.9874051167689633,7.482947620434435e-6,4.6164757920135866e-5,OR7E108P
ENSG00000271151,267.80012799143924,1.6250047791347604,0.7947696169428516,0.0013838248795872334,0.005795580576701314,RP11-394I13.2
ENSG00000271398,41.089855685568025,8.943508728367764,3.3825102219373533,1.0981570582247097e-5,6.622659349935261e-5,RP5-1092A3.5
ENSG00000271402,41.227950985928366,8.918579348728247,3.4099912558769088,1.4003528233125467e-5,8.3139150480996e-5,IGKV2OR2-2
ENSG00000271605,75.24165380955964,10.32432491434425,3.1914575011086646,1.0300730251898904e-8,8.995612889381856e-8,MILR1
ENSG00000272234,537.6449715695139,4.448306211798011,0.4178134841896141,9.552060466707737e-28,3.1563993792197115e-26,CTD-2325A15.5
ENSG00000272264,323.16334388674284,2.1765553804627635,0.652052584827329,3.465121676484732e-5,1.942935456940683e-4,RP11-92K15.3
ENSG00000272281,722.3553190087639,2.29206265511094,0.3523457080072353,4.2710341316081466e-12,5.1479358598975257e-11,TPTE2P2
ENSG00000272446,1097.740199034383,1.558737285439439,0.32552623830528354,1.0290350987518348e-7,8.065056851764548e-7,RP1-225E12.3
ENSG00000272732,2896.74397940915,2.3075161829080724,0.18545457045580635,9.167944857125153e-37,4.6246165456479666e-35,RP5-1159O4.2
ENSG00000273252,404.7473343727654,1.9692819868531222,0.5099173034566788,5.3300782465899695e-6,3.362041999853907e-5,OR7E39P
ENSG00000273786,37.11293976476059,8.665574811409373,3.4517177620183426,2.916910600236037e-5,1.6543903822180807e-4,RP11-133K1.11
ENSG00000274173,36889.98774466285,1.5208781590634075,0.050095026775718164,1.440399135101774e-203,1.1509771179782564e-200,RP4-568C11.4
ENSG00000274928,791.7591169055045,2.4757555925913937,0.4009138461680977,3.5775300905838845e-11,3.9641468785010655e-10,KRT89P
ENSG00000276050,41.911910544436324,8.988071894274054,3.3768672374531374,9.574665413136142e-6,5.8150917474599e-5,IGKV2OR2-10
ENSG00000276975,175.38042955226993,2.406908055360058,0.8367357011364449,1.404853663360368e-4,7.137752882960574e-4,HYDIN2
ENSG00000277806,49.66759389197857,9.4006616121934,3.3062967927960165,1.8555654435193423e-6,1.242663341498982e-5,RP11-15A1.8
ENSG00000278020,126.7106177034832,2.613808703489107,1.6713396843738493,0.0018803909900957,0.007678590803806588,HOXA11-AS1_6
ENSG00000278192,41.26149903115428,8.955151562716269,3.379363728666511,1.0471569742172242e-5,6.331382984781321e-5,RP5-1056H1.2
ENSG00000278449,38.57439004771732,3.563456668889094,2.2801027805620477,0.001544319025701661,0.006415018032212276,MIR6892
ENSG00000279314,300.3295868606026,2.051445525581524,0.5840318568809821,1.997811304002493e-5,1.159858778689294e-4,RP1-257C22.2
ENSG00000279994,37.23270877016548,8.685004675484974,3.440623291132764,2.6479012717867543e-5,1.5110787342111748e-4,RP11-312A15.2
ENSG00000281100,58.777978426757755,9.76781759275365,3.2687663886213945,3.8550678403980737e-7,2.8214057077551183e-6,RP11-640L9.2
ENSG00000281205,173.90451662239553,1.9635454578992833,2.127060391131502,0.003835258848812284,0.014607720275743809,LINC00950
ENSG00000281333,202.1356803877617,1.6150856534122673,3.2618489947235907,0.004827924753677824,0.01784723019814516,RP11-900F13.3
ENSG00000281453,1961.3348697973306,2.549099752460901,0.3009419017118867,1.3555941160774583e-18,2.6686077002893254e-17,TGFB2-OT1
ENSG00000282121,1806.4939640373675,1.6689554578382142,0.22427636576861393,6.61199513170475e-15,9.879776321105283e-14,RP11-388P9.3
ENSG00000283000,1473.3411543574741,3.7654570433808017,0.27753770491520025,3.4380924081844255e-43,2.272178401867598e-41,RP11-297A16.4
ENSG00000283511,334.21135922218133,1.6121546710141146,0.5792834598834643,2.419195926236127e-4,0.0011818328410523272,RP11-456N14.6
ENSG00000283528,2940.596823561726,2.643092715440291,0.1876792650530284,2.82697953219982e-46,2.0793676437785244e-44,RP11-298A10.1
ENSG00000283537,1007.8730261252372,2.4111837039817066,0.3056239021288439,1.690690012541429e-16,2.864721453057547e-15,RP11-298A10.2
